config,model,n_test_samples,test_accuracy,test_f1,test_precision,test_recall,fidelity_agreement,latency_mean_s,latency_std_s,throughput_samples_per_s,n_parameters
topic (20 Newsgroups),baseline,200,0.985,0.9852216748768473,0.970873786407767,1.0,0.99,0.00013154589999994453,1.6330533049768792e-05,1520381.8591083747,5761
topic (20 Newsgroups),simplified,200,0.995,0.9950248756218906,0.9900990099009901,1.0,0.99,4.95677666666694e-05,9.920252919037859e-06,4034880.1943196077,435
scam detection,baseline,250,0.996,0.9959839357429718,1.0,0.992,0.996,0.000150971900000485,2.0797873563856036e-05,1655937.2969353693,5633
scam detection,simplified,250,1.0,1.0,1.0,1.0,0.996,5.8775700000287165e-05,8.946387562494311e-06,4253458.487075076,421
sentiment,baseline,250,1.0,1.0,1.0,1.0,1.0,0.00013612953333345482,1.6440619274735772e-05,1836486.1310999638,5121
sentiment,simplified,250,1.0,1.0,1.0,1.0,1.0,5.048866666683694e-05,7.496123110316059e-06,4951606.301067373,365
[numeric] spheres,baseline,375,1.0,1.0,1.0,1.0,0.9973333333333333,0.000629310633333328,4.024017462820955e-05,595890.1377745721,26001
[numeric] spheres,simplified,375,0.9973333333333333,0.9973333333333333,0.9946808510638298,1.0,0.9973333333333333,2.4471033334331575e-05,3.1425581138522136e-06,15324240.495962003,13
[numeric] helix,baseline,375,0.9706666666666667,0.9712793733681462,0.9489795918367347,0.9946524064171123,0.9733333333333334,0.0006461262333329405,3.9728063381960775e-05,580381.9449732314,26001
[numeric] helix,simplified,375,0.96,0.9604221635883905,0.9479166666666666,0.9732620320855615,0.9733333333333334,0.002374647299999566,7.95812658419493e-05,157918.18852427832,1501
