config,model,batch_size,test_accuracy,test_f1,test_precision,test_recall,n_test_samples,n_parameters,latency_mean_s,latency_std_s,latency_median_s,throughput_samples_per_s
topic (20 Newsgroups),baseline,1,0.985,0.9852216748768473,0.970873786407767,1.0,200,5761,7.016346666641008e-05,1.2132266443723321e-05,6.609799999957033e-05,14252.431464860018
topic (20 Newsgroups),baseline,16,0.985,0.9852216748768473,0.970873786407767,1.0,200,5761,7.393323333329724e-05,1.1574024698015676e-05,7.049899999955755e-05,216411.4739561119
topic (20 Newsgroups),baseline,64,0.985,0.9852216748768473,0.970873786407767,1.0,200,5761,9.577606666653083e-05,1.8516418598424275e-05,8.765199999949402e-05,668225.3952110246
topic (20 Newsgroups),baseline,200,0.985,0.9852216748768473,0.970873786407767,1.0,200,5761,0.00013154589999994453,1.6330533049768792e-05,0.00012574800000031416,1520381.8591083747
topic (20 Newsgroups),simplified,1,0.995,0.9950248756218906,0.9900990099009901,1.0,200,435,7.424966666628544e-06,5.686187640633668e-07,7.2724999995443795e-06,134680.73930816315
topic (20 Newsgroups),simplified,16,0.995,0.9950248756218906,0.9900990099009901,1.0,200,435,1.3952499999921504e-05,7.532691274798882e-06,1.1354500001559131e-05,1146747.8946489887
topic (20 Newsgroups),simplified,64,0.995,0.9950248756218906,0.9900990099009901,1.0,200,435,2.4186766666645098e-05,1.0919874601678383e-05,2.0565999999888618e-05,2646075.057575165
topic (20 Newsgroups),simplified,200,0.995,0.9950248756218906,0.9900990099009901,1.0,200,435,4.95677666666694e-05,9.920252919037859e-06,4.488699999960488e-05,4034880.1943196077
scam detection,baseline,1,0.996,0.9959839357429718,1.0,0.992,250,5633,6.973916666694891e-05,1.261557260122958e-05,6.495699999931048e-05,14339.144669962401
scam detection,baseline,16,0.996,0.9959839357429718,1.0,0.992,250,5633,7.02790333332833e-05,9.809730524942292e-06,6.622349999929611e-05,227663.91683453327
scam detection,baseline,64,0.996,0.9959839357429718,1.0,0.992,250,5633,9.282573333256513e-05,1.4194980899239443e-05,8.568650000029265e-05,689463.9848489893
scam detection,baseline,250,0.996,0.9959839357429718,1.0,0.992,250,5633,0.000150971900000485,2.0797873563856036e-05,0.00014542200000278172,1655937.2969353693
scam detection,simplified,1,1.0,1.0,1.0,1.0,250,421,7.407566666728371e-06,5.236682585979747e-07,7.279500003676276e-06,134997.0975612779
scam detection,simplified,16,1.0,1.0,1.0,1.0,250,421,1.3143333332739833e-05,5.497407288436801e-06,1.1110500000910406e-05,1217347.1976202761
scam detection,simplified,64,1.0,1.0,1.0,1.0,250,421,2.121706666689723e-05,5.468997561583281e-06,1.9968999996677894e-05,3016439.5957643148
scam detection,simplified,250,1.0,1.0,1.0,1.0,250,421,5.8775700000287165e-05,8.946387562494311e-06,5.515400000177806e-05,4253458.487075076
sentiment,baseline,1,1.0,1.0,1.0,1.0,250,5121,7.88813666671236e-05,3.636665655743463e-05,6.558299999781525e-05,12677.265141968981
sentiment,baseline,16,1.0,1.0,1.0,1.0,250,5121,7.0940633332602e-05,1.564594127171465e-05,6.38510000037229e-05,225540.69858644638
sentiment,baseline,64,1.0,1.0,1.0,1.0,250,5121,9.188059999990136e-05,1.6848839401576125e-05,8.832800000035945e-05,696556.1826987276
sentiment,baseline,250,1.0,1.0,1.0,1.0,250,5121,0.00013612953333345482,1.6440619274735772e-05,0.00013127399999746103,1836486.1310999638
sentiment,simplified,1,1.0,1.0,1.0,1.0,250,365,7.309200000330899e-06,5.954522319192985e-07,7.187000001351862e-06,136813.8783936311
sentiment,simplified,16,1.0,1.0,1.0,1.0,250,365,1.1266866666422478e-05,2.6187923773664087e-06,1.0718500000450604e-05,1420093.1344721783
sentiment,simplified,64,1.0,1.0,1.0,1.0,250,365,2.2365366667050543e-05,6.5496567619988444e-06,1.952099999869006e-05,2861567.2147368407
sentiment,simplified,250,1.0,1.0,1.0,1.0,250,365,5.048866666683694e-05,7.496123110316059e-06,4.7557500000294795e-05,4951606.301067373
[numeric] spheres,baseline,1,1.0,1.0,1.0,1.0,375,26001,7.394066666606136e-05,1.3350093988647027e-05,6.771199999633382e-05,13524.357367729797
[numeric] spheres,baseline,16,1.0,1.0,1.0,1.0,375,26001,0.00010096253333410724,1.4259466214591865e-05,9.85209999981862e-05,158474.62887101376
[numeric] spheres,baseline,64,1.0,1.0,1.0,1.0,375,26001,0.0001681207000004292,2.231899278558422e-05,0.00015732499999998595,380678.8813027581
[numeric] spheres,baseline,256,1.0,1.0,1.0,1.0,375,26001,0.0004531411666671185,3.164172739598129e-05,0.00044910200000103373,564945.3610293145
[numeric] spheres,baseline,375,1.0,1.0,1.0,1.0,375,26001,0.000629310633333328,4.024017462820955e-05,0.0006211944999989782,595890.1377745721
[numeric] spheres,simplified,1,0.9973333333333333,0.9973333333333333,0.9946808510638298,1.0,375,13,6.449533333115672e-06,4.648656749799815e-06,5.26050000360101e-06,155049.97778140253
[numeric] spheres,simplified,16,0.9973333333333333,0.9973333333333333,0.9946808510638298,1.0,375,13,7.83509999943514e-06,5.424339635987938e-06,6.373999998032787e-06,2042092.634574351
[numeric] spheres,simplified,64,0.9973333333333333,0.9973333333333333,0.9946808510638298,1.0,375,13,9.161166666397472e-06,1.3127520728052496e-06,8.878499997422296e-06,6986009.787896075
[numeric] spheres,simplified,256,0.9973333333333333,0.9973333333333333,0.9946808510638298,1.0,375,13,2.1661466666955677e-05,7.73186884117224e-06,1.876550000190491e-05,11818220.988264157
[numeric] spheres,simplified,375,0.9973333333333333,0.9973333333333333,0.9946808510638298,1.0,375,13,2.4471033334331575e-05,3.1425581138522136e-06,2.375800000109507e-05,15324240.495962003
[numeric] helix,baseline,1,0.9706666666666667,0.9712793733681462,0.9489795918367347,0.9946524064171123,375,26001,7.244200000068682e-05,7.605832793080394e-06,6.89320000013538e-05,13804.146765557536
[numeric] helix,baseline,16,0.9706666666666667,0.9712793733681462,0.9489795918367347,0.9946524064171123,375,26001,9.548436666572495e-05,1.5488064093529527e-05,9.045250000383476e-05,167566.6976565218
[numeric] helix,baseline,64,0.9706666666666667,0.9712793733681462,0.9489795918367347,0.9946524064171123,375,26001,0.00017512080000088305,1.914922531609258e-05,0.0001721169999981953,365462.0125060945
[numeric] helix,baseline,256,0.9706666666666667,0.9712793733681462,0.9489795918367347,0.9946524064171123,375,26001,0.0004657264666671305,3.23235096699133e-05,0.00045435550000050284,549678.8744517956
[numeric] helix,baseline,375,0.9706666666666667,0.9712793733681462,0.9489795918367347,0.9946524064171123,375,26001,0.0006461262333329405,3.9728063381960775e-05,0.0006394470000010699,580381.9449732314
[numeric] helix,simplified,1,0.96,0.9604221635883905,0.9479166666666666,0.9732620320855615,375,1501,8.496966666626804e-06,7.465952711423524e-07,8.332500001984045e-06,117689.05766426741
[numeric] helix,simplified,16,0.96,0.9604221635883905,0.9479166666666666,0.9732620320855615,375,1501,8.089406666584864e-05,1.5794445515783033e-05,7.243349999797033e-05,197789.53710031224
[numeric] helix,simplified,64,0.96,0.9604221635883905,0.9479166666666666,0.9732620320855615,375,1501,0.0003807320666671406,1.3759152903691441e-05,0.00037916499999823827,168097.21482155254
[numeric] helix,simplified,256,0.96,0.9604221635883905,0.9479166666666666,0.9732620320855615,375,1501,0.0016544887000004376,7.690775734645486e-05,0.0016284394999992458,154730.58232427473
[numeric] helix,simplified,375,0.96,0.9604221635883905,0.9479166666666666,0.9732620320855615,375,1501,0.002374647299999566,7.95812658419493e-05,0.002351867499999827,157918.18852427832
